<?xml version="1.0" encoding="UTF-8"?>
<!DOCTYPE mapper PUBLIC "-//mybatis.org//DTD Mapper 3.0//EN" "http://mybatis.org/dtd/mybatis-3-mapper.dtd">
<mapper namespace="com.example.mapper_oracle.BusCompanyMapper">
	<insert id = "insert">
		insert into bus_company values 
		(#{company_code}, #{company_name}, #{company_address}, #{company_tel})
	</insert>
	<select id = "parents" resultType = "string">
		select company_code from bus_company
	</select>
	<select id = "read" resultType = "com.example.domain.BusCompanyVO">
		select * from bus_company where company_code = #{company_code}
	</select>
	<select id = "list" resultType = "com.example.domain.BusCompanyVO">
      select * from bus_company
   </select>
</mapper>